migueldc8,a626316d-1006-3b5d-9e6a-2dd007944b9e
xnekio,5e17772b-de56-35a7-8697-2453c5569ec0
falcon,0159dc18-dd39-31bc-9bdc-309d80caf5af
cobalt,febe8a41-4a05-4e5e-9eec-a1b726638285
ayxa,1ae2b214-ee7a-318b-bc39-8e6dc7a340e9
osobear8,fa3c8f9e-78e2-33fa-86e7-b98455b7371e
thejuanmabest,e0aa51f1-e03f-4a01-adc9-0dbbfdb5b172
xcastanya,a044b51f-e661-31e1-b148-65ab1ab3f744
doublethepsycho,21f90b7d-11ab-3318-9f6f-d9eab17ce163
niso,b26aa02f-1486-382a-a3ea-cb12158d9024
itslukme,71cb0586-39de-470e-bd5a-10b287df6077
izloker,051f67e8-4344-3062-8d33-5009a74f2661
srgomonira,acce6276-5a1f-4e60-a369-26fab49c35b2
zgodskillz,e5aef34d-4f4e-33c2-b44c-2c0655a6aeea
juansvi,59fe781f-6b0e-3c94-a187-347f968cf7e9
perikomp,2db18756-c0f1-351e-8383-897f7a1a2b94
_sazcor_,c5167240-a5bf-3938-859a-e62c5b552d65
robern,e102ea64-c31d-4dbb-a4d9-8d7baee667f6
novia,6bc13ac5-49b8-458f-b8e2-9bb28ab92a80
imvexy,b788b3b9-9677-375d-9f53-5f161f6fe1a4
srlegendario,8ec80734-e310-3823-9fd7-6892a4fbff51
lucasmetralla,3441df1b-435b-3e69-9195-c8ae12d6f0db
maladaptive,d7cfe7bd-f014-4e00-b58d-5d3894145f57
themodz01,ba656ec3-02ec-3945-8b69-7645d2ff2cbb
jhomilow,4f96d5f6-8f6d-3a92-a9bf-c972f9cc1ec7
itzantony,b36b7dfb-abbe-32b8-acff-4e69661c9397
nameles11m,23c26493-906b-33b3-8bdc-1bd051c56f76
